Path,Instructions,Cycles,IPC,Time,Total_Time
6,111478000000.0,117906962.66832918,2.144322488314476,44.091981488781485,44.091981488781485
7,111478000000.0,118002393.31920199,2.1640414253560847,43.65487839295053,87.74685988173201
8,107544000000.0,118050381.80299252,1.893541085346338,48.11096377001047,135.85782365174248
9,107544000000.0,118031935.7032419,1.8987048852069208,47.98761747476763,183.8454411265101
10,122443000000.0,117954870.43781094,1.8812248254027604,55.17945194383403,239.02489307034415
11,122443000000.0,117979570.72817954,1.8611862868867215,55.7618669865545,294.78676005689863
14,98866377370.0,118103168.2967581,2.1886247240649475,38.248620112116114,333.03538016901473
15,94519776767.0,118015083.13715711,1.8793124427308585,42.617324502183074,375.6527046711978
16,96173861466.0,118088479.0,1.8331047733806412,44.4285599227461,420.0812645939439
