Path,Instructions,Cycles,IPC,Time,Total_Time
6,9285520000000.0,114411558.41277641,1.8289244793930437,4437.522373534417,4437.522373534417
7,9285520000000.0,117787547.8801956,1.6859209574577294,4675.947643638125,9113.470017172542
8,8919010000000.0,117794031.8995098,1.5217344221364701,4975.703568426338,14089.17358559888
9,8919010000000.0,117884199.22982885,1.6310687286504235,4638.619952659808,18727.793538258687
10,10325700000000.0,117830475.43170732,1.6553184238298169,5293.955960996308,24021.749499254995
11,10325700000000.0,117716727.83863081,1.5037555545609291,5833.162523811434,29854.912023066427
14,8219280000000.0,116962833.33251834,1.6647477741192247,4221.214802572466,34076.126825638894
15,7819060000000.0,117840207.36097561,1.6645878336287228,3986.156372545263,38062.28319818416
16,7953930000000.0,118333141.71882641,1.4433636361146587,4656.928927635208,42719.212125819366
