Path,Instructions,Cycles,IPC,Time,Total_Time
6,9285520000000.0,117868605.58679706,1.8328376703773144,4298.174879869647,4298.174879869647
7,9285520000000.0,117853749.55256724,1.6721616740238576,4711.77518178011,9009.950061649757
8,8919010000000.0,117601884.87990196,1.521127160740514,4985.822892365274,13995.772954015032
9,8919010000000.0,117822492.02444988,1.6348500986265813,4630.314699945834,18626.087653960865
10,10325700000000.0,117790726.68780488,1.6337604653204534,5365.621325087924,23991.708979048788
11,10325700000000.0,117776698.04400977,1.4700565832492738,5963.841288213086,29955.550267261875
14,8219280000000.0,117826938.08088236,1.676471650687426,4160.954526898982,34116.50479416086
15,7819060000000.0,117601998.83658537,1.6692510387087482,3983.0722772526083,38099.57707141346
16,7953930000000.0,117994946.71882641,1.4324305228532839,4705.922704065689,42805.499775479155
