Path,Instructions,Cycles,IPC,Time,Total_Time
6,9285520000000.0,118055107.1820449,2.0868688226783427,3769.001402636258,3769.001402636258
7,9285520000000.0,118035702.66832918,2.0838335517841164,3775.1117644087985,7544.113167045056
8,8919010000000.0,118032469.74563591,1.9040625097305106,3968.569170778493,11512.68233782355
9,8919010000000.0,118041461.88029926,1.900953431346346,3974.7570986282967,15487.439436451847
10,10325700000000.0,118039409.56359102,1.8289976711185778,4782.768079341661,20270.207515793507
11,10325700000000.0,118087151.51870324,1.83194526512898,4773.142086607187,25043.349602400693
14,8219280000000.0,118066475.638404,2.079387492158941,3347.894383041525,28391.24398544222
15,7819060000000.0,118100776.93765587,1.878180692744194,3525.0430015679863,31916.286987010204
16,7953930000000.0,118066665.9276808,1.783929705295721,3776.3890345332443,35692.67602154345
