Path,IPC
0,2.3565639291354126
1,2.2396453475429254
2,2.309403061943285
3,2.324704126691745
4,2.393542322469567
5,2.305544188113036
6,2.144322488314476
7,2.1640414253560847
8,1.893541085346338
9,1.8987048852069208
10,1.8812248254027604
11,1.8611862868867215
12,2.0603358249298145
13,1.993352207562557
14,2.1886247240649475
15,1.8793124427308585
16,1.8331047733806412
17,1.831963517995406
18,1.7560929681140256
19,1.4851884133533286
