Path,IPC
0,2.1843139888539445
1,1.8861590947008087
2,2.161741777228566
3,2.1349719574824824
4,2.2652079834381453
5,2.3888325655851257
6,1.8328376703773144
7,1.6721616740238576
8,1.521127160740514
9,1.6348500986265813
10,1.6337604653204534
11,1.4700565832492738
12,2.059414418759483
13,2.0698381296826116
14,1.676471650687426
15,1.6692510387087482
16,1.4324305228532839
17,1.8601645917170935
18,1.7522639200858883
19,1.6897413029805477
24,2.6586059182313178
