Path,IPC
0,2.609749512915265
1,2.5997601331237417
2,2.3816429401830317
3,2.376115025220395
4,2.465060601522592
5,2.4665748318776592
6,2.0868688226783427
7,2.0838335517841164
8,1.9040625097305106
9,1.900953431346346
10,1.8289976711185778
11,1.83194526512898
12,2.3312435154504776
13,2.3328276236200343
14,2.079387492158941
15,1.878180692744194
16,1.783929705295721
17,1.9769597786214879
18,1.8568647160228757
19,1.7952737047463716
24,2.908958354580876
