Path,IPC
0,2.199488538777095
1,1.9265059980550157
2,2.162716768707912
3,2.1275024106223586
4,2.2518387079173863
5,2.4052015400740117
6,1.8289244793930437
7,1.6859209574577294
8,1.5217344221364701
9,1.6310687286504235
10,1.6553184238298169
11,1.5037555545609291
12,2.085209508078397
13,2.0659568299807973
14,1.6647477741192247
15,1.6645878336287228
16,1.4433636361146587
17,1.8461178169949528
18,1.745270218282298
19,1.6957235126373766
24,2.6163021713637313
