,Memory,CPU
0,4937.921797048276,5740.175143995673
