,Memory,CPU
0,406056.77114520676,416573.27714876283
