,Memory,CPU
0,331635.5046109367,355107.52907540346
