Path,Instructions,Cycles,IPC,Time,Total_Time
6,111478000000.0,117938206.5794621,2.1599423964526174,43.761528240199354,43.761528240199354
7,111478000000.0,117958757.8235294,2.1577997783020093,43.79734999732742,87.55887823752678
8,107544000000.0,118092940.8058968,1.8894896631271798,48.19674707201454,135.75562530954133
9,107544000000.0,118060801.22794117,1.887548074646467,48.25945773964796,184.0150830491893
10,122443000000.0,117903326.20782396,1.8572745808862083,55.915445519383496,239.93052856857278
11,122443000000.0,118034173.75,1.856258684225538,55.88402767694412,295.8145562455169
14,98866377370.0,117934970.89215687,2.132865421296164,39.304526037548875,335.1190822830658
15,94519776767.0,117980510.4621027,1.8586710166474658,43.10323732063106,378.22231960369686
16,96173861466.0,117988623.28431372,1.8212821333141866,44.754807428174026,422.9771270318709
