Path,IPC
0,2.407853578656407
1,2.3176077411288465
2,2.298935887213102
3,2.311925919254779
4,2.372694376552394
5,2.3381597384586392
6,2.1599423964526174
7,2.1577997783020093
8,1.8894896631271798
9,1.887548074646467
10,1.8572745808862083
11,1.856258684225538
12,2.110237241134085
13,1.170621668163006
14,2.132865421296164
15,1.8586710166474658
16,1.8212821333141866
17,1.3848040391837384
18,1.3644642799422624
19,1.7124548574003613
