Path,IPC
0,2.331286235172617
1,2.1285707586635727
2,2.261315078009156
3,2.310196020070528
4,2.372294295435413
5,2.352512067558304
6,2.096797781466244
7,2.1637533362468786
8,1.8972393459562342
9,1.9065674207603494
10,1.879515898345344
11,1.8579074646952574
12,2.1449288793321895
13,2.137243394469816
14,2.1116856583813073
15,1.8501790966254856
16,1.8482760460337713
17,1.9388545288135965
18,1.8026422277091754
19,1.7219679185791392
