Path,Instructions,Cycles,IPC,Time,Total_Time
6,9285520000000.0,117925154.30073349,1.8514822730000728,4252.8514993159515,4252.8514993159515
7,9285520000000.0,117721015.86519608,1.667705175046325,4729.693001993027,8982.544501308977
8,8919010000000.0,117827365.5759804,1.5363004447636333,4927.133469392097,13909.677970701076
9,8919010000000.0,117928195.41176471,1.6348707551164576,4626.105926950761,18535.783897651836
10,10325700000000.0,117863851.29828851,1.6446677670200498,5326.730124843657,23862.514022495492
11,10325700000000.0,117891523.50855745,1.4796336136376111,5919.468775579904,29781.982798075398
14,8219280000000.0,117748917.84068628,1.6782399087082704,4159.324522140129,33941.30732021553
15,7819060000000.0,117811315.65770172,1.6620267386271301,3993.2778876876296,37934.58520790316
16,7953930000000.0,117820306.85784313,1.4342801085945112,4706.82053637948,42641.40574428264
