Path,Instructions,Cycles,IPC,Time,Total_Time
6,9285520000000.0,33356430.531914894,1.6837901622414209,16532.50608946388,16532.50608946388
7,9285520000000.0,117854100.86029412,1.6422995099481026,4797.43575519488,21329.94184465876
8,8919010000000.0,117663299.54477613,1.4338609503151392,5286.50431074912,26616.44615540788
9,8919010000000.0,120010083.69554456,1.6259932726169162,4570.673170287505,31187.119325695385
10,10325700000000.0,117847103.398533,1.6468062841657305,5320.568943429327,36507.688269124716
11,10325700000000.0,117850397.42156863,1.436094641724817,6101.061317719386,42608.749586844104
14,8219280000000.0,117833084.12990196,1.6376619170121351,4259.339724145141,46868.08931098924
15,7819060000000.0,118496534.32273838,1.6565321823201637,3983.3550609219537,50851.444371911195
16,7953930000000.0,117826665.0909091,1.4062830373458295,4800.267509971072,55651.711881882264
