Path,IPC
0,2.2006467101839555
1,1.8996477258923266
2,2.1447036072965497
3,2.1590283241188666
4,2.252630071968871
5,2.3953771078911337
6,1.8514822730000728
7,1.667705175046325
8,1.5363004447636333
9,1.6348707551164576
10,1.6446677670200498
11,1.4796336136376111
12,2.0891111989933306
13,2.0935094426548013
14,1.6782399087082704
15,1.6620267386271301
16,1.4342801085945112
17,1.8720378137313356
18,1.7895533398745722
19,1.691487060277771
24,2.6012979779421914
