Path,IPC
0,2.1674746434226324
1,1.7960506854912484
2,1.3847090887979767
3,1.0948630727429909
4,2.2565635719897257
5,2.4442846335965007
6,1.6837901622414209
7,1.6422995099481026
8,1.4338609503151392
9,1.6259932726169162
10,1.6468062841657305
11,1.436094641724817
12,1.1100517204296203
13,1.6160664741495891
14,1.6376619170121351
15,1.6565321823201637
16,1.4062830373458295
17,1.9369400650573754
18,1.738413077948817
19,1.743630743052859
24,2.7152444925935773
