,Memory,CPU
0,479172.33269333234,475739.62443643104
