,CPU,Memory
0,4755.7106257086325,5134.983185286406
