,Memory,CPU
0,332458.6269462494,355812.1745885832
