,Memory,CPU
0,3002.821152451515,3300.8003743786294
