,CPU,Memory
0,6076.049665964309,5137.3168168034235
