,Memory,CPU
0,331941.8095985432,355260.63997360406
