,Memory,CPU
0,477521.17151331645,473897.94200477423
