,Memory,CPU
0,289994.32703741995,325460.6920583829
