,Memory,CPU
0,3080.438335873646,3384.626621209841
