,Memory,CPU
0,3072.114945440021,3369.938917494177
